recipe_id;recipe_name;cuisine_type;nutritional_value;protein;carbs;fat;fiber;instructions
1;Frango com salada de melão e rúcula;Mediterrânica;337;29;30;10;3.4;['Aqueça meia colher de sopa de azeite numa frigideira funda. Junte o peito de frango e aloure-o rapidamente de ambos os lados sobre lume médio a forte.', 'Reduza o lume, tempere o frango com o alho em pó, o sal e pimenta a gosto. Junte um pé de manjericão, tape e deixe cozinhar durante cerca de 10 minutos ou até a carne estar tenra.', 'Entretanto, retire as sementes ao melão, corte-o em fatias e elimine a casca.', 'Lave os rabanetes e o pepino e corte-os em rodelas finas com a ajuda de uma mandolina.', 'Espalhe a rúcula numa travessa funda e, por cima, disponha as rodelas de pepino e de rabanete. Corte as fatias de melão ao meio ou em pedaços e distribua sobre a salada.', 'Corte as tortilhas em triângulos e aqueça-as no forno ou numa frigideira larga antiaderente, até ficarem levemente tostadas.', 'Corte o peito de frango em fatias e disponha-as na travessa, sobre a salada. Salpique com folhas frescas de manjericão e regue com o sumo do limão e o restante azeite.', 'Sirva a salada acompanhada com os triângulos de tortilha crocantes.']
2;Hummus de beterraba;Mediterrânica;24;0.2;;1.4;1;['Lave bem a beterraba, embrulhe-a em folha de alumínio e asse-a em forno pré-aquecido a 180 ºC, cerca de 50-60 minutos.', 'Deite a beterraba num processador de cozinha e junte o grão, o dente de alho espremido, o tahini ou as sementes de sésamo, a raspa da casca e sumo do limão, uma colher de sopa de azeite, os cominhos, o sal e pimenta. Triture até obter uma textura suave e aveludada. Se necessário, adicione uma ou duas colheres de sopa de água.', 'Coloque numa taça e, com as costas de uma colher, desenhe um sulco em espiral. Regue com o restante azeite e polvilhe com um pouco de pimenta']
3;Esparguete com feijão e tomate;Mediterrânica;432;15.3;;10.5;12.3;['Aqueça o azeite e a polpa de tomate numa frigideira durante 2 minutos. Junte as azeitonas, envolva e mantenha em lume brando por mais 3 minutos.', 'Adicione o feijão escorrido, o sal, pimenta e a malagueta seca picada. Deixe cozinhar por mais 3 minutos.', 'Cozinhe a massa conforme as instruções da embalagem. Escorra e adicione à frigideira. Envolva bem.', 'Sirva a massa polvilhada com folhas de manjericão.']
4;Frango com legumes e grão;Mediterrânica;305;28;;11.6;9.1;['Tempere as tiras de frango com o alho em pó, a noz-moscada, o caril, o sal e uma pitada de pimenta moída na altura. Junte o vinagre de sidra e misture tudo muito bem.', 'Corte o alho-francês em rodelas finas, a abóbora em fatias e a courgette em rodelas.', 'Aqueça muito bem metade do azeite numa frigideira larga antiaderente, junte o frango e aloure sobre lume forte, mexendo frequentemente. Retire o frango e reserve.', 'Deite o restante azeite na frigideira, junte os legumes e salteie cerca de 5 minutos, mexendo sempre.', 'Entretanto passe o grão por água corrente e escorra bem. Junte-o aos legumes e adicione também o frango. Salpique com algumas folhas de tomilho fresco, reduza o lume e cozinhe por mais 8 a 10 minutos, mexendo ocasionalmente.', 'Sirva salpicado com as sementes de abóbora.']
5;Frittata com legumes na air fryer;Mediterrânica;244;16;4.6;18;1.9;['Numa taça, bata os ovos, adicione os legumes cortados em pedaços pequenos, o queijo parmesão, o leite, o sal e pimenta.', 'Unte uma forma de air fryer com o azeite e deite nela a mistura de ovo. Leve a cozinhar por 7 minutos a 160 °C.', 'Retire, polvilhe com a mistura de 4 queijos e volte a colocar na air fryer por mais 1 minuto ou até o queijo derreter.\r\n']
6;Camarão com bacon;Mediterrânica;331;40;5.8;17;0;"['Descascar camarão e retirar a cauda.', 'Temperar com: alho em pó, mel, limão e azeite. Mexer.', 'Enrolar fatias de bacon nos camarões e levar à Air Fryer por 8 min. a 200 ºC', 'Servir com <a href=""/produtos/marca-propria-pingo-doce/pingo-doce/molho-de-alho-pingo-doce-250-ml/"" target=""_blank"" target=""_blank"" rel=""noopener"">maionese de alho</a>.']"
7;Salada de favas com cavala;Mediterrânica;464;23;48;18;11;['Escalde as favas em água a ferver e deixe de molho enquanto prepara os restantes ingredientes.', 'Leve ao lume 500 ml de água com duas colheres de café de sal. Quando ferver, junte o arroz, tape e coza durante cerca de 13 minutos.', 'Numa frigideira antiaderente, aloure a cebola no azeite em lume médio. Acrescente a mistura de legumes, mexa e deixe cozinhar enquanto retira a pele às favas.', 'Adicione as favas aos legumes, tempere com o restante sal e pimenta a gosto e salteie por mais 5 minutos.', 'Disponha o tomate cortado ao meio e os filetes de cavala sobre os legumes. Regue com o azeite da conserva e sirva com o arroz.']
8;Salada de couve com frango grelhado;Mediterrânica;344;32;24;12;4.5;['Tempere o frango com meia colher de chá de sal e pimenta a gosto. Grelhe-o numa chapa ou num grelhador com uma colher de sopa de azeite. ', 'Corte a couve ao meio, elimine o talo central mais grosso e fatie-a em tiras finas. Coloque-a dentro de uma tigela, junte o restante sal e massaje durante cerca de 1 minuto com as pontas dos dedos. ', 'Transfira para um coador de rede, lave em água corrente, escorra bem e ponha numa saladeira. ', 'Lave os rabanetes e corte-os em rodelas finas. Junte-os à saladeira. ', 'Numa taça, misture os iogurtes com o restante azeite e cerca de duas colheres de sopa de coentros picados. Tempere com pimenta a gosto e envolva bem. ', 'Corte o frango em fatias, disponha sobre a salada, salpique com mais algumas folhas de coentros e com os croutons. Polvilhe com um pouco de pimenta e sirva com o molho de iogurte. ']
9;Bacalhau com natas rápido;Mediterrânica;;;;;;['Numa frigideira larga, aqueça o azeite e refogue a cebola e o alho até ficarem macios e levemente dourados.', 'Adicione o bacalhau desfiado e envolva bem. Cozinhe 5 minutos. Tempere com pimenta e noz-moscada (ajuste o sal, se necessário).', 'Junte a batata palha, misturando suavemente para não partir demasiado.', 'Envolva as natas e o béchamel até obter uma mistura cremosa e homogénea.', 'Coloque num tabuleiro de forno, polvilhe com queijo ralado e leve ao forno pré-aquecido a 200 ºC durante 15 minutos, até gratinar.', 'Retire do forno e polvilhe com salsa fresca antes de servir.']
10;Bacalhau com espinafres;Mediterrânica;;;;;;['Coloque as postas de bacalhau num tacho com água a ferver.', 'Enquanto isso, coloque o azeite num tacho ou wok e o dente de alho e salteie os espinafres.', 'Adicione as batatas aos espinafres, tempere com sal e cubra as batatas com os 300 ml de água e tape. Deixe cozinhar mais 20 minutos.', 'Quando o bacalhau estiver cozinhado, desfie as postas.', 'Junte a mistura das batatas e espinafres com o bacalhau numa travessa de ir ao forno.', 'Corte as batatas um pouco mais, cubra a mistura com as natas de soja e finalize com o queijo ralado.', 'Leve ao forno pré-aquecido a 180 ºC durante 25 minutos.']
11;Legumes assados com molho tahini;Mediterrânica;276;10;28;12;8.3;['Pré-aqueça o forno a 190 ºC. ', 'Separe os floretes de brócolos, descasque e corte a cebola roxa em metades e a batata-doce em palitos (cerca de 1 cm de espessura). ', 'Disponha todos os legumes num tabuleiro forrado com papel vegetal. Tempere com metade do sal, pimenta e tomilho. ', 'Escorra o grão e seque-o com um pano limpo ou papel absorvente. Transfira para uma taça e tempere com o restante sal, um pouco de pimenta, paprika, cominhos e alho em pó. Regue com o azeite e misture. ', 'Ponha o grão ao lado dos legumes e leve o tabuleiro ao forno durante cerca de 15 minutos. ', 'Enquanto isso, coloque todos os ingredientes do molho, menos a água, num frasco com tampa. Agite bem, abra e adicione a água, voltando a agitar. ', 'No final, disponha os espinafres numa saladeira e ponha os legumes e o grão por cima. Regue com molho e sirva. ']
12;Cheese fingers;Mediterrânica;621;21;95;16;3.9;"['Corte <a href=""/produtos/marca-propria-pingo-doce/pingo-doce/queijo-flamengo-barra-pingo-doce-kg/"" target=""_blank"" target=""_blank"" rel=""noopener"">queijo flamengo barra</a> em formato retangular.', 'Prepare um recipiente com 2 ovos, uma colher de sobremesa de paprika, sal e órégãos.', 'Prepare um segundo recipiente com farinha, pimenta preta e sal.', 'Triture corn flakes e adicione num terceiro recipiente.', 'Mergulhe o queijo na primeira mistura, de seguida na farinha, novamente na mistura e por último nos corn flakes.', 'Leve a air fryer por 5-8 minutos a 200 ºC.', 'Sirva os cheese fingers com <a href=""/produtos/marca-propria-pingo-doce/pingo-doce/molho-de-alho-pingo-doce-250-ml/"" target=""_blank"" target=""_blank"" rel=""noopener"">maionese de alho</a>.']"
13;Ravioli com espargos e cogumelos salteados;Mediterrânica;510;20.6;;20.8;9.7;['Elimine a base fibrosa dos espargos, deixe a parte espigada inteira e corte a restante em pedaços com cerca de 0,5 cm.', 'Esprema o dente de alho e leve ao lume com o azeite numa frigideira larga. Quando começar a alourar, adicione os espargos, os cogumelos e o tomate seco cortado em tiras.', 'Tempere com uma colher de café de sal e com pimenta moída no momento. Salteie sobre lume médio, mexendo ocasionalmente durante cerca de 5 minutos.', 'Ao mesmo tempo coza os ravioli em água a ferver temperada com o restante sal durante cerca de 5 minutos.', 'Retire os ravioli com uma escumadeira e deite-os na frigideira. Adicione 2 a 3 colheres de sopa da água da sua cozedura e envolva tudo muito bem. Salpique com o miolo de noz grosseiramente partido e sirva sem demora.']
14;Arroz frito com camarão e ovo;Mediterrânica;301;25.4;;9.7;2.4;['Tempere o camarão com sal, alho em pó, a malagueta seca picada e pimenta.', 'Aqueça o azeite numa frigideira e cozinhe o camarão por 4 minutos. Retire e reserve.', 'Acrescente à frigideira os vegetais e cozinhe por mais 4 minutos, mexendo sempre que necessário. Adicione o arroz já cozido, deixe fritar e junte o molho de soja. Adicione o camarão, envolva e divida pelos pratos.', 'Entretanto, estrele os ovos um a um numa frigideira antiaderente e sirva sobre o arroz.']
15;Bacalhau espiritual com camarões;Mediterrânica;614;41.4;61.3;21.6;4.2;['Coza o bacalhau num tacho com a água, uma folha de louro, metade do sal e pimenta. Depois de cozido, retire as espinhas, a pele e reserve as lascas.&nbsp
16;Caldo de legumes com noodles e pesto;Mediterrânica;290;10.4;;15.6;2.7;"['Num wok, aqueça o azeite e em seguida adicione os legumes em juliana. Polvilhe com o alho em pó e salteie durante cerca de 6 minutos, sobre lume médio a forte, mexendo frequentemente.', 'Junte os noodles, regue com a água a ferver e mexa até a massa estar completamente solta. Deixe cozinhar durante cerca de 5 minutos.', 'Entretanto, parta os ovos para uma taça, tempere-os com pimenta moída na altura e bata com um garfo. Deite-os, em fio, para dentro do wok e deixe ferver durante mais 1 minuto.', 'Distribua a mistura por taças e adicione uma colherada de <a href=""https://www.pingodoce.pt/receitas/pesto-de-agriao-e-hortela-sem-lactose/"">pesto de agrião</a>. Sirva de imediato.']"
17;Rolo de carne com beterraba;Mediterrânica;423;24.5;;23.5;7;['Pré-aqueça o forno a 170° C.', 'Numa taça, coloque o pão já triturado e junte a carne.', 'Corte a beterraba em pedaços, pique grosseiramente e adicione à mistura de carne e pão.', 'Junte a raspa da casca da laranja (reserve a laranja) e tempere com uma colher de chá de sal e as especiarias.', 'Adicione o ovo e misture bem.', 'Molde o rolo e disponha num tabuleiro forrado com papel vegetal.', 'Regue com uma colher de sopa de azeite e leve ao forno durante 30 minutos.', 'Corte a carne em fatias e sirva com cuscuz e os legumes.', 'Decore com os gomos da laranja que reservou, previamente descascada, e folhas de tomilho.']
18;Bolinhas de azeitona na air fryer;Mediterrânica;272;7.6;35;11;3.2;['Prepare 3 recipientes diferentes com farinha, 2 ovos batidos, pão ralado.', 'Passe as azeitonas usando um palito pelo recipiente da farinha, de seguida no dos ovos batidos e para terminar no pão ralado.', 'Leve as azeitonas à air fryer durante 10 minutos a 180 ºC.', 'Tempere com sal a gosto.']
19;Nuggets de bacalhau fresco;Mediterrânica;828;31.7;;56.6;9.1;['Corte cada porção de bacalhau em três pedaços e polvilhe, de ambos os lados, com o alho em pó, o caril e a pimenta moída na altura. Junte o leite e o sumo do limão e deixe marinar durante pelo menos 1 hora.', 'Pré-aqueça o forno a 200 °C.', 'Escorra o bacalhau e reserve. Junte o ovo à marinada e bata. Adicione a farinha e misture muito bem.', 'Noutro recipiente misture a aveia com o pão ralado e as sementes de sésamo.', 'Passe cada pedaço de bacalhau pela mistura de ovo e depois pela mistura de aveia, pão ralado e sésamo. Coloque os nuggets sobre um tabuleiro de forno forrado com papel vegetal e untado com azeite, e regue-os com o restante azeite.', 'Leve ao forno durante 20 minutos.', 'Entretanto coza a jardineira no micro-ondas durante 5 a 6 minutos, num recipiente com tampa, na potência máxima. Deixe arrefecer e envolva com metade da maionese.', 'Sirva os nuggets com a jardineira e acompanhe com a restante maionese.']
20;Couve-flor na Air Fryer;Mediterrânica;329;21;21;15;11;"['Remova as folhas e corte a couve-flor em pedaços. Coloque os pedaços num recipiente e tempere com azeite, sal, pimenta, alho em pó e paprika a gosto. Misture bem.', 'Leve à Air Fryer e deixe cozinhar durante 15 min. a 200 ºC.', 'Sirva acompanhado de <a href=""/produtos/marca-propria-pingo-doce/pingo-doce/molho-de-alho-pingo-doce-250-ml/"" target=""_blank"" target=""_blank"" rel=""noopener"">maionese de alho</a>.']"
21;Pizza rústica;Mediterrânica;;;;;;['Ponha a água, as 2 farinhas, o fermento, 1 colher de chá de sal fino, 1 colher de chá de açúcar e 2 colheres de sopa de azeite na cuba da máquina de fazer pão.', 'Selecione o programa de amassar e levedar. Se o fizer manualmente, siga a mesma ordem dos ingredientes e amasse até a massa se descolar das paredes da tigela.', 'Tape com um pano e deixe levedar até crescer para o dobro.', 'Aqueça 1 colher de sopa de azeite numa frigideira, refogue os pimentos em tiras até estarem tenros, tempere com 1 colher de café de sal e reserve.', 'Ligue o forno a 200 ºC.', 'Estenda a massa num tabuleiro forrado com papel vegetal e untado com azeite e distribua por cima os pimentos, as rodelas de chouriço, as azeitonas e o queijo. Salpique com orégãos e leve ao forno durante 20 minutos.']
22;Tosta com legumes e farofa;Mediterrânica;139;3.9;;6.8;3.3;['Corte os pães ao meio no sentido do comprimento e retire o miolo.', 'Pique o miolo de pão com os dentes de alho descascados, uma colher de sopa de azeite e as folhas de coentros.', 'Numa frigideira antiaderente, leve a mistura obtida ao lume e deixe fritar, mexendo até o pão alourar.', 'Descasque o chuchu, retire o caroço e corte em cubos pequenos.', 'Corte a beterraba em cubos do mesmo tamanho e junte ao chuchu.', 'Adicione os brócolos cozidos e tempere tudo com o restante azeite e o vinagre balsâmico.', 'Junte a “farofa“ de pão e coentros e misture bem.', 'Torre as metades de pão e recheie com o preparado. Sirva de imediato.']
23;Tomate cherry com espinafres e burrata;Mediterrânica;242;;18;15;2.9;['Retire a rama e os pés ao tomate, lave-o e escorra bem.', 'Descasque e pique os dentes de alho e leve ao lume numa frigideira com o azeite.', 'Adicione o tomate, tempere com o sal e pimenta a gosto, e polvilhe com os orégãos.', 'Cozinhe em lume brando durante cerca de 25 minutos ou até o tomate estar macio.', 'Junte os espinafres e as azeitonas, envolva e retire do lume. Transfira para\r\num prato fundo.', 'Escorra a burrata e disponha-a sobre os legumes, inteira ou desfeita em pedaços.', 'Tempere a gosto com mais um pouco de pimenta e sirva com as tostas de pão alentejano.']
24;Camarão ao alhinho com legumes;Mediterrânica;373;25;51;6.7;4;['Numa frigideira, salteie o miolo de camarão, já descongelado, com os dentes de alho espremidos e metade do azeite, durante 2 a 3 minutos sobre lume forte, mexendo frequentemente. Tempere com meia colher de café de sal, pimenta a gosto e sumo de limão. Reserve.', 'Aqueça o restante azeite na mesma frigideira, junte os vegetais e tempere com meia colher de café de sal. Deixe cozinhar sobre lume moderado durante 15 minutos. Junte o miolo de camarão reservado e misture bem.', 'Ao mesmo tempo, coza o arroz na água a ferver temperada com o restante sal e uma tira da casca de limão, durante 12 minutos.', 'Sirva o camarão ao alhinho com legumes com o arroz. Polvilhe com o cebolinho picado.']
25;Raviolis de beterraba e requeijão;Mediterrânica;294;6;35;14;2.9;['Coloque um tacho largo ao lume com água abundante temperada com o sal.', 'Esmague o requeijão com um garfo, adicione-lhe o puré de beterraba, previamente descongelado, o alho em pó e o cebolinho picado. Tempere com pimenta e misture muito bem.', 'Distribua o recheio pelos discos de massa, deixando uma margem a toda a volta. Pincele essa margem com água e feche os raviolis. Pressione a massa com os dentes de um garfo para que fique bem fechada.', 'Introduza os raviolis, poucos de cada vez, na água a ferver e deixe cozinhar durante cerca de 3 a 4 minutos contados a partir da altura em que começarem a flutuar. Escorra com uma escumadeira e envolva-os com o molho pesto.', 'Sirva sobre os vegetais, crus ou previamente salteados, e salpique com os amendoins grosseiramente picados.']
26;Tagliatelle com salmão e pesto;Mediterrânica;467;21.6;;17;3.2;['Coloque a massa num tacho largo, adicione o pesto, o tomate seco cortado em tiras, as azeitonas, o sal e a água.', 'Tape e leve a lume forte até levantar fervura.', 'Retire a tampa, baixe o lume e continue a cozedura, mexendo de vez em quando até a massa estar cozida, mas al dente.', 'Salpique com um pouco de pimenta e aneto picado, misture com o salmão cortado em tiras e sirva de imediato.']
27;Alho-francês à brás;Mediterrânica;;;;;;['Corte o alho-francês às rodelas, rale a cenoura e pique a salsa.', 'Coloque o azeite numa frigideira e junte o alho-francês e a cenoura.', 'Tempere os vegetais com sal e deixe cozinhar. Enquanto isso, bata os ovos e tempere com sal.', 'Junte os ovos à mistura e a salsa e envolva. ', 'Finalize com as azeitonas e as amêndoas laminadas. ']
28;Beringelas recheadas;Mediterrânica;493;20;;12;6;['Lave as beringelas, corte-as ao meio no sentido do comprimento e retire a polpa com cuidado para não rasgar. Salpique a casca e a polpa que retirou com sal e deixe escorrer dentro de um passador.', 'Cubra a soja granulada com água morna e deixe hidratar. Aloure a cebola picada no azeite quente, junte a cenoura ralada e a courgette cortada em cubos pequenos e deixe cozinhar sobre lume brando.', 'Entretanto, passe a beringela por água corrente e escorra muito bem. Pique a polpa da beringela e junte aos legumes, depois a soja bem espremida e tempere com uma pitada de sal, orégãos e cominhos. Misture bem, tape e deixe cozinhar durante cerca de 15 minutos em lume brando.', 'Coza o arroz em água a ferver temperada com 1 colher de chá de sal. Leve as cascas de beringela ao forno a 180 º C, num tabuleiro untado com azeite. Deixe cozinhar até ficarem com um aspecto meio murcho.', 'Envolva o cozinhado de soja e legumes com o molho bechamel.', 'Escorra as meias beringelas e recheie-as com a soja e legumes. Salpique com o queijo mozzarella ralado e leve de novo ao forno até o queijo gratinar.', 'Sirva as beringelas recheadas com arroz.']
29;Bacalhau com broa e pesto;Mediterrânica;438;25;;10.8;4.7;['Prepare o puré de batata com o leite, seguindo as indicações da embalagem.', 'Ligue o forno nos 200 ºC.', 'Triture, numa picadora, o miolo da broa, juntamente com a amêndoa, o dente de alho descascado e o tomate seco.', 'Adicione 1 colher de sopa do azeite da conserva do tomate e volte a triturar rapidamente. Reserve a mistura.', 'Corte a curgete em rodelas bem finas e espalhe-as sobre um tabuleiro de forno. Tempere-a com metade do sal, pimenta e o restante azeite da conserva do tomate seco e mexa bem.', 'Coloque os lombos de bacalhau sobre a curgete e tempere-os com o restante sal e pimenta.', 'Barre-os com o molho pesto, cubra-os com a mistura de broa e leve ao forno durante 15 minutos.', 'Pique os coentros e quando o puré de batata estiver pronto junte-lhe os coentros, misturando muito bem.', 'Sirva o bacalhau com o puré de coentros.']
30;Costeletas de porco grelhadas com cuscuz;Mediterrânica;415;24;15;28;2.7;['Misture meia colher de chá de sal com o pimentão doce, metade do alho em pó, o tomilho e pimenta a gosto. Barre as costeletas de ambos os lados com esta mistura e reserve. ', 'Lave os espargos, elimine as bases mais duras e fibrosas e corte-os em pequenos pedaços. ', 'Lave a curgete, elimine os topos e corte-a em cubos pequenos. ', 'Aqueça uma colher e meia de sopa de azeite numa frigideira larga, junte os espargos e a curgete, e tempere com meia colher de chá de sal, o restante alho em pó e pimenta a gosto. Salteie, mexendo ocasionalmente, por cerca de 5 minutos. ', 'Entretanto escalde o cuscuz com a água a ferver, previamente temperada com o restante sal. Tape e deixe hidratar. ', 'Lave as nectarinas, corte-as ao meio e elimine os caroços. ', 'Aqueça muito bem uma chapa ou um grelhador. Pincele as costeletas e a parte lisa das nectarinas com o restante azeite e ponha-os no grelhador. As nectarinas deverão ficar com a parte lisa virada para baixo. ', 'Grelhe as costeletas de ambos os lados até a carne estar bem cozinhada e as nectarinas estarem bem marcadas. ', 'Solte o cuscuz com um garfo e misture-o com os legumes salteados. ', 'Sirva as costeletas de porco grelhadas com o cuscuz e as nectarinas cortadas em gomos. Salpique com folhas de manjericão. ']
31;Bacalhau com crosta de parmesão e pesto;Mediterrânica;345;36.3;;21;1.3;['Pré-aqueça o forno a 190 ºC.', 'Coloque as porções de bacalhau num tabuleiro forrado com papel vegetal. Tempere com sal e alho em pó.', 'Espalhe por cima de cada porção uma colher de pesto. Em seguida coloque numa taça o queijo juntamente e com o miolo do pão esfarelado.', 'Espalhe a mistura de queijo por cima do pesto, regue com ao azeite e leve ao forno por cerca de 15 a 20 minutos. Sirva com folhas de manjericão.']
32;Crepes de cogumelos e alheira de peru;Mediterrânica;195;8;;9;3;['Tire a pele à alheira e misture-a com os cogumelos, a salsa e a malagueta limpa de sementes, finamente picados. Junte a maçã, descascada e ralada no crivo mais fino do ralador e o pão ralado. Misture bem.', 'Pincele levemente cada folha de massa filo com azeite. Sobreponha as folhas 3 a 3.', 'Corte cada conjunto de folhas em 4 e recheie com a mistura de alheira. Dobre as laterais da massa de ambos os lados e enrole como se fosse um rolo. Pressione bem as extremidades para selar a massa. Leve os crepes ao forno, pré-aquecido a 200 ºC, num tabuleiro forrado com papel vegetal, durante 15 a 20 minutos ou até estarem dourados.', 'Misture a salada ibérica com a cebola cortada em gomos finos e, na altura de servir, tempere com o restante azeite, o sal e o sumo de limão. Sirva com as trouxas de alheira.']
33;Terrina de batata-doce e castanha;Mediterrânica;324;8.5;45;11;6.3;['Pré-aqueça o forno a 200 ºC. ', 'Descasque a batata-doce e corte-a em cubos com cerca de 2 cm. Disponha num tabuleiro de forno, regue com uma colher de sopa de azeite e leve ao forno durante 20 minutos. ', 'Pique a cebola e refogue-a no restante azeite, durante 10 minutos. Tempere com os cominhos, tomilho e com os orégãos. Reserve. ', 'Coloque as castanhas cozidas num robot de cozinha (reserve sete para a decoração) e pique grosseiramente. Transfira para uma taça. ', 'No mesmo robot, adicione o grão de bico e ⅓ da batata-doce assada. Triture até obter uma pasta grossa e junte à taça. ', 'Adicione à taça a cebola refogada, o pão ralado, os ovos batidos, os 120 gramas de alperces, o miolo de noz e a salsa picados. ', 'Tempere com o sal e a pimenta, acrescente a restante batata-doce e envolva com cuidado. ', 'Forre uma forma de bolo inglês com papel vegetal, incluindo as laterais. Verta a mistura para dentro da forma, pressione bem e cubra com papel de alumínio. ', 'Reduza a temperatura do forno para 160 ºC e cozinhe a terrina durante 1 hora. ', 'Deixe arrefecer ligeiramente antes de desenformar. Sirva morno ou frio, decorado com as castanhas reservadas, alperces e ervas a gosto. ']
34;Açorda de tomate e manjericão;Mediterrânica;374;10;58;10;4.5;['Descasque os dentes de alho e refogue-os no azeite, num tacho, até começarem a alourar. ', 'Junte o tomate cortado em cubos e o concentrado. Mexa bem e deixe cozinhar em lume médio durante cerca de 5 minutos. ', 'Adicione o pão cortado em cubos e cubra com água quente, apenas o suficiente para amolecer o pão. Vá mexendo até obter a consistência desejada. ', 'Junte o manjericão picado, o sal, a pimenta e, por fim, a gema de ovo. Mexa bem para incorporar e dar cremosidade ao preparado. Sirva de imediato. ']
35;Salmão com espargos e batata-doce;Mediterrânica;740;35;68;35;8.6;['Num prato, tempere os lombos de salmão com sal e limão.', 'Tempere a batata-doce às rodelas com azeite a gosto e sal. Leve a batata à Air Fryer a 185 ºC durante 7 minutos e deixe cozinhar.', 'Acrescente o salmão e os espargos à Air Fryer e cozinhe por mais 8 minutos.', 'Numa trituradora, triture algumas ervas aromáticas e pincele por cima do salmão.']
36;Palitos de curgete;Mediterrânica;103;5.6;11;3.7;0.9;['Numa taça, bata bem o ovo temperado com o sal.', 'Corte a curgete em palitos. Reserve.', 'Noutra taça, misture o pão ralado com o queijo e alho em pó.', 'Passe os palitos pelo ovo e em seguida pela mistura de pão ralado. Coloque dentro do cesto da Air Fryer e cozinhe por cerca de 8 minutos, a 190 ºC.']
37;One pot pasta de frango e pimento;Mediterrânica;503;34.5;;14.5;4.8;['Num tacho largo, coloque ao lume o azeite e, quando estiver quente, introduza as tiras de frango. Deixe refogar até estarem douradas.', 'Retire do lume e junte a massa, o pimento cortado em tiras, o tomate, o sal e a água.', 'Tape e leve de novo ao lume até levantar fervura.', 'Destape e continue a cozedura, mexendo de vez em quando até a massa estar al dente.', 'Retire do lume, acrescente a manteiga e mexa até esta derreter.', 'Polvilhe com o parmesão ralado ou em lascas, a pimenta e a salsa.', 'Sirva de imediato.']
38;Massa com frango e pesto;Mediterrânica;568;37.6;;20.3;5.2;['Num tacho, coza o fusilli tricolor em água com sal até estar al dente. Retire e deixe arrefecer. ', 'Noutro tacho, coza o fusilli branco em água com sal e o açafrão até estar al dente. Retire e deixe arrefecer.', 'Desfie o frango, limpando-o de peles e ossos. Reserve.', 'Numa frigideira antiaderente, aqueça o azeite e junte os alhos e a cebola finamente picados e deixe refogar um pouco.', 'Junte os cogumelos e as azeitonas e salteie 3 minutos.', 'Misture a massa cozida, o frango desfiado e o molho pesto e deixe saltear mais um pouco.', 'No final, adicione o tomate e o manjericão e envolva tudo muito bem.', 'Sirva num prato fundo.']
39;Bowl de frango;Mediterrânica;326;26;29.8;12.4;6;['Comece por colocar a batata doce a cozer.', 'Enquanto isso, corte o peito do frango em cubos grandes e tempere com sumo de 1 lima, sal e alho em pó.\r\n', 'Coloque o frango numa frigideira e deixe grelhar durante uns 8 minutos. \r\n', 'Ao mesmo tempo, corte o tomate cereja ao meio e a batata aos cubos. \r\n', 'Quando o frango estiver pronto, monte a bowl com os vários ingredientes: frango, grão, tomate-cereja, queijo cottage e batata.', 'Pique agora os coentros e adicione por cima.', 'Finalize com o molho tahine.']
40;Croquetes com arroz de tomate e manjericão;Mediterrânica;591;14.2;;21.4;4.5;"['Cozinhe os <a href=""https://www.pingodoce.pt/produtos/marca-propria-pingo-doce/pingo-doce/croquetes-de-carne-congelados-forno-pingo-doce-10x32-g/"" target=""_blank"" rel=""noopener"">croquetes</a> de acordo com as instruções da embalagem.', 'Enquanto isso, prepare o arroz, seguindo as instruções da\r\nembalagem, em água temperada com o sal.', 'Num tacho, aqueça o azeite juntamente com a cebola e o alho picados e deixe cozinhar em lume brando.', 'Junte o tomate, o pimentão-doce e envolva. Cozinhe por mais 2 minutos.', 'Adicione o arroz, envolva, e acrescente o dobro da água, deixando que cozinhe em lume brando por 15 minutos.', 'Sirva de imediato com folhas de manjericão e com os croquetes.']"
41;Salada de feijão-frade com feta;Mediterrânica;360;17;25;19;7.5;['Deite o feijão num coador de rede, passe-o por água fria corrente, escorra bem e disponha-o numa saladeira. ', 'Lave o tomate e o pepino. Elimine os pedúnculos do tomate e corte-o ao meio. Retire a casca do pepino e corte-o em cubos. Corte também o queijo feta em cubos. ', 'Junte os ingredientes preparados e a salsa picada ao feijão. Regue com o azeite e o sumo de limão, e misture delicadamente. Salpique com pimenta. ']
42;Peitos de frango no forno com limão;Mediterrânica;298;30;22;9.2;3.9;['Pré-aqueça o forno a 180 ºC, na função ventilada.', 'Faça quatro a cinco golpes paralelos nos peitos de frango até metade da espessura. Tempere com o sal, pimenta a gosto e cubra com as rodelas de limão.', 'Aqueça metade do azeite numa frigideira que possa ir ao forno e aloure os peitos de frango de ambos os lados sobre lume forte.', 'Regue com o mel, junte as rodelas de limão e os bimis, previamente lavados (dê um golpe nos talos mais grossos). Regue com o restante azeite e leve a frigideira ao forno por cerca de 15 minutos.', 'Lave o tomate, limpe-o de sementes e corte-o em cubos. Misture com a quinoa numa frigideira antiaderente e deixe aquecer.', 'Sirva os peitos de frango sobre os bimis e acompanhe com a quinoa.']
43;Salada fria com massa bagos;Mediterrânica;431;17;53;16;2.7;['Coza a massa em água a ferver temperada com o sal, durante 10 minutos. ', 'Retire a rama e os pés ao tomate. Lave o tomate e as uvas, e corte-os ao meio. Escorra bem o queijo. ', 'Escorra a massa e deite-a sobre os espinafres, numa travessa funda. Junte metade do creme com vinagre balsâmico e misture bem. Adicione o tomate, as uvas e o queijo, e tempere com pimenta a gosto. ', 'Regue com o restante creme com vinagre. ']
44;Legumes assados com grão e bacalhau fresco;Mediterrânica;385;30.9;;13.2;13.4;['Pré-aqueça o forno a 180 °C.', 'Tempere os lombos de bacalhau com metade do sal e pimenta moída na altura.', 'Descasque e corte a cebola em gomos, o alho-francês em rodelas e a courgette em meias-luas. Coloque os legumes num tabuleiro de forno, junte os dentes de alho descascados e espremidos, o tomate cortado ao meio e o grão-de-bico escorrido.', 'Polvilhe com a paprika, com o restante sal e regue com a polpa de tomate e duas colheres de sopa de azeite. Misture muito bem e leve ao forno durante cerca de 15 minutos.', 'Mexa os legumes e por cima ponha os lombos de bacalhau. Regue com o restante azeite e leve ao forno durante mais 10 minutos.', 'Salpique com coentros picados.']
45;Bacalhau no forno com legumes;Mediterrânica;195;28.5;;6.5;1.8;['Num prato de forno faça uma cama de legumes, disponha o alho francês e os espargos em pedaços, o tomate às fatias e a cebolas e metades.', 'Coloque por cima as porções de bacalhau e tempere com sal, alho em pó, pimenta rosa e tomilho.', 'Regue com azeite e leve ao forno por 20 minutos.']
46;Bagel na Air Fryer;Mediterrânica;222;7.5;27;8.9;1.6;['Numa taça junte a farinha, o iogurte e o sal. Misture até os ingredientes formarem uma massa consistente.', 'Polvilhe uma tábua com farinha e amasse a massa até formar uma bola. Divida a bola ao meio e use cada metade para formar um disco. Abra um buraco no centro de cada disco.', 'Pincele os bagels com o ovo batido. Polvilhe com as sementes de sésamo.', 'Coloque uma folha de papel vegetal no fundo da gaveta da air fryer e disponha um ou dois bagels consoante a capacidade da mesma. Deixe cozinhar a 180 ºC por 15 minutos.', 'Vire os bagels ao contrário e deixe cozinhar por mais 2 minutos.', 'Abra os bagels e sirva barrado com queijo creme e doce de morango.']
47;Frango à tailandesa;Mediterrânica;403;33.6;;10.8;1.8;['Prepare o arroz, conforme as indicações da embalagem.', 'Pique o peito de frango num robot de cozinha. Reserve.', 'Num wok, aqueça o óleo de sésamo. Adicione as malaguetas descascadas, fatiadas e limpas de sementes, as chalotas e os alhos cortados em fatias finas, e deixe cozinhar cerca de 2 minutos.', 'Acrescente o frango picado e cozinhe mais 2 minutos, mexendo a carne para se soltar.', 'Junte o açúcar, o molho de soja e envolva. Deixe cozinhar mais 2 minutos.', 'Adicione o caldo, mexa bem e deixe evaporar.', 'Por fim, junte o manjericão e deixe que este murche.', 'Sirva com o arroz.']
48;Filetes de peixe-gato riscado em molho de lima;Mediterrânica;381;26.2;;52.9;3.2;['Corte os filetes em cubos grandes e junte-lhes o leite, o dente de alho espremido, a raspa da casca e o sumo da lima, ½ colher de café de sal e uma pitada de pimenta moída na altura.', 'Coza a massa em água a ferver temperada com o restante sal durante cerca de 10 minutos.', 'Entretanto, descasque e pique a cebola e aloure-a com o azeite numa frigideira antiaderente.', 'Corte o pepino em lâminas finas e o tomate, já limpo de sementes, em cubos.', 'Escorra o peixe, junte-o à cebola e salteie sobre lume forte durante cerca de 2 minutos.', 'Junte o amido de milho e o vinho branco à marinada do peixe e mexa até dissolver. Deite sobre o peixe, reduza o lume e ferva durante 4 a 5 minutos, agitando a frigideira de vez em quando.', 'Escorra a massa, misture-a com o pepino e com o tomate e coloque num prato. Por cima, deite o peixe com o molho, mexa delicadamente e salpique com a malagueta picada.']
49;Bacalhau na air fryer;Mediterrânica;;;;;;['Pré‑aqueça a air fryer a 180 ºC.', 'Forre o fundo da cestinha com as batatas cortadas (previamente lavadas e secas). Por cima, coloque as postas de bacalhau. ', 'Distribua a cebola, o pimento e o alho ao redor ou por cima do bacalhau. Regue tudo com um fio generoso de azeite e tempere com pimenta e mais um pouco de sal (atenção se o bacalhau ainda tiver sal residual).', 'Cozinhe cerca de 20–25 minutos a 180–190 ºC. A metade do tempo, abra a cesta cuidadosamente e misture/distribua os legumes para assarem uniformemente.', 'Quando estiver tudo macio e dourado, finalize com salsa/coentros e, se gostar, azeitonas. Sirva de imediato.']
50;Linguine com tomate cherry;Mediterrânica;413;16;62;10;4.1;['Pique os dentes de alho e salteie-os no azeite durante cerca de 2 minutos.', 'Junte o tomate cortado ao meio, tempere com o sal e pimenta, e cozinhe em lume brando durante 10 minutos.', 'Acrescente o manjericão picado e envolva.', 'Coza o linguine conforme as instruções da embalagem. Reserve um pouco da água da cozedura antes de escorrer a massa.', 'Adicione o linguine à frigideira com o tomate e envolva bem. Junte um pouco da água da cozedura e deixe cozinhar mais 2 minutos.', 'Finalize com folhas de manjericão fresco e sirva com parmesão acabado de ralar e pimenta moída no momento.']
51;Filetes de linguado com molho béarnaise;Internacional;;;;;;['Comece por colocar as batatas doces a cozer num tacho com água e uma colher de sopa de sal. Deixe cozinhar por 20 minutos ou até estarem cozidas o suficiente para serem esmagadas. \r\n', 'A meio da cozedura adicione os bimis e deixe cozinhar o resto do tempo.\r\n', 'Tempere os filetes com sal e pimenta. Enrole e prenda com um palito. \r\n', 'Derreta manteiga numa frigideira que tenha tampa, cozinhe os filetes de ambos os lados e em seguida tape de forma que continue a cozinhar por mais 10 minutos em lume brando. \r\n', 'Para o molho, numa panela junte o vinagre, o vinho, a chalota muito bem picada e metade do estragão. \r\n', 'Deixe reduzir para metade. Retire do lume, coloque numa taça de vidro e deixe arrefecer um pouco. \r\n', 'Coloque um tacho ao lume com água e deixe ferver. Em seguida, por cima coloque em banho-maria a taça com a redução, à qual adicionou as gemas. \r\n', 'Bata com uma vara de arames sem parar até que o molho engrosse e obtenha um creme. \r\n', 'Em seguida vá adicionando a manteiga derretida em fio às gemas quentes. Nunca deixe de mexer até obter um molho espesso e brilhante. \r\n', 'Tempere com sal, pimenta e algumas gotas de limão. Finalize com o restante estragão e se desejar salsa. Sirva os filetes com a batata doce esmagada, os bimis e regue com o molho bearnaise. \r\n\r\n']
52;Torta de frango;Internacional;242;34.4;8;7.2;1.26;['Pré-aqueça o forno a 180 ºC. ', 'Corte os peitos de frango aos cubos para colocar a triturar. \r\n\r\n', 'Coloque o frango num processador de alimentos e junte a aveia, os espinafres, o ovo e o sal. Triture tudo e, quando obtiver uma mistura homogénea, verta a mistura em papel de alumínio. \r\n', 'Faça um rolo e adicione o queijo mozzarella ao seu interior. \r\n', 'Enrole com a ajuda do papel alumínio. \r\n', 'Coloque num tabuleiro próprio e leve ao forno durante 60 minutos. Sirva a torta de frango acompanhada de arroz branco. ']
53;Croquetes de borrego;Internacional;;;;;;['Tempere o borrego com metade do sal, pimenta e alho em pó. \r\n', 'Aqueça azeite num tacho, junte a carne e sele até dourada. Retire e reserve.\r\n', 'No mesmo tacho, adicione mais uma colher de azeite e refogue a cebola com o alho, a folha de louro e o alecrim. Deixe cozinhar por 3 minutos em lume brando. \r\n', 'Adicione em seguida o borrego, a cenoura e tempere com o colorau e envolva. Regue com 300 ml de água, adicione o restante sal, pimenta  e deixe cozinhar por 30 minutos em lume médio. \r\n', 'Retire a carne do tacho, desfie com a ajuda de um garfo e escorra a água. \r\n', 'Volte a colocar a carne no tacho, adicione o molho branco aos poucos até obter uma massa que possa ser moldável. Deixe arrefecer ligeiramente. \r\n', 'Coloque os ovos numa taça e bata e noutra taça o pão ralado. \r\n', 'Forme bolinhas e em seguida passe primeiro no ovo e em seguida no pão ralado. \r\n', 'Frite em óleo quente até dourados.\r\n', 'Sirva com maionese de trufa. \r\n']
54;Dourada à Italiana;Internacional;;;;;;['Comece por preparar o peixe: Faça 2 a 3 cortes superficiais na diagonal em ambos os lados de cada dourada. \r\n', 'Pique os talos da salsa e reserve as folhas.\r\nAqueça o azeite numa frigideira larga (que tenha tampa e onde caibam os dois peixes confortavelmente) em lume médio.', 'Adicione as lâminas de alho e os pés da salsa à frigideira. Deixe fritar suavemente por 1-2 minutos, apenas para libertar o aroma, tendo cuidado para não queimar.', 'Com cuidado, deite as douradas na frigideira e tempere com sal. Espalhe os tomates cherry cortados ao meio à volta do peixe.', 'Aumente o lume para médio-alto. Regue tudo com o vinho branco e deixe ferver por cerca de 1 minuto para que o álcool evapore.', 'Adicione o caldo ou a água, em quantidade suficiente para chegar a cerca de metade da altura do peixe.', 'Junte umas folhinhas de salsa e quando o líquido voltar a ferver, reduza o lume para o mínimo. Tape a frigideira e deixe o peixe cozinhar suavemente por cerca de 10 a 15 minutos. O tempo exato depende da espessura do peixe
55;Maminha grelhada na air fryer;Internacional;;;;;;"['Retire a maminha do frigorífico 30 minutos antes para atingir a temperatura ambiente. Seque-a muito bem com papel absorvente.', 'Com uma faca afiada, faça cortes superficiais em forma de losango na capa de gordura. Isto ajuda a gordura a derreter e a temperar a carne. ', 'Pincele a carne com azeite. Tempere generosamente com sal e pimenta preta (e alho em pó, se gostar), massajando bem, especialmente nas incisões da gordura. Pode usar apenas sal grosso para um sabor de churrasco mais purista.', 'Pré-aqueça a air fryer a 200 °C durante 5 minutos.', 'Comece por colocar a maminha no cesto da air fryer com a gordura virada para baixo, pois protege a carne do calor direto inicial. Deixe cozinhar a 200 °C durante 12 a 15 minutos (dependendo da grossura da peça).', 'Abra a air fryer, vire a carne (agora com a gordura para cima) para tostar, e cozinhe por mais 10 a 12 minutos. O objetivo é que a gordura fique dourada e crocante e o interior no ponto desejado (rosado). ', 'Retire a carne da air fryer, coloque-a numa tábua e cubra com papel de alumínio. Deixe descansar por 10 minutos para os sucos assentarem.', 'Fatie a maminha em fatias finas, cortando sempre contra o veio da carne. Este é o segredo da maminha: se cortar a favor da fibra, ela fica dura. Observe as linhas da carne e corte no sentido perpendicular (em cruz) a essas linhas. ', 'Sirva a maminha grelhada imediatamente e acompanhe com <a href=""https://www.pingodoce.pt/receitas/batata-frita-na-air-fryer/"">batata frita</a> ']"
56;Broa recheada na air fryer;Internacional;;;;;;['Pré-aqueça a air fryer a 180\u202f°C.', 'Corte o topo da broa (como uma “tampa”) e remova o miolo com cuidado, formando uma cavidade.', 'Numa frigideira, salteie o bacon e o chourição sem gordura adicional até ficarem douradinhos. Junte a chalota e cozinhe mais 2 minutos até murchar.', 'Numa taça, misture o bacon, chourição e chalota salteados. Adicione o tomate cherry, os queijos, a maionese, a pimenta preta e a salsa.', 'Recheia a broa com essa mistura. Pressione ligeiramente para ficar bem compacta.', 'Leve à air fryer por cerca de 15 a 20 minutos, até o queijo derreter e o topo ficar dourado.', 'Sirva quente, com pedaços do miolo ou tostas a acompanhar.']
57;Entrecosto com mostarda e mel;Internacional;;;;;;['Numa taça misture o mel, com a mostarda, o picante, a pimenta, o pimentão doce, o azeite, o molho de soja e o alho picado.', 'Coloque o entrecosto sobre uma folha de papel de alumínio. Tempere com sal e de seguida pincele o entrecosto com a mistura anterior de ambos os lados. ', 'Feche o papel de alumínio fazendo um embrulho, coloque num tabuleiro e leve ao forno a 160 ºC durante uma hora. ', 'Ao fim de uma hora, abra o papel de alumínio e leve novamente ao forno por 10 minutos de cada lado de forma a ficar dourado e crocante.']
58;Costeletas de borrego com batatas e hortelã;Internacional;;;;;;['Comece por temperar as costeletas de borrego. Numa taça, junte as costeletas, 2 dentes de alho laminados, algumas folhas de hortelã, a massa de pimentão (opcional), sal e pimenta preta. Regue com metade do vinho branco (75ml) e um fio de azeite. Envolva bem e deixa marinar por, pelo menos, 30 minutos (idealmente 1-2 horas).', 'Enquanto a carne está a marinar, prepare as batatas. Se forem pequenas, deixe-as inteiras
59;Panquecas de aveia e maçã;Portuguesa;;;;;;['Num processador de alimentos, coloque as bananas em pedaços, os flocos de aveia e os ovos.', 'Triture tudo até obter uma massa homogénea.', 'Aqueça uma frigideira antiaderente em lume médio e pincele com o azeite.', 'Deite pequenas porções da massa na frigideira, formando discos.', 'Coloque alguns cubos de maçã sobre a massa de cada panqueca.', 'Cozinhe durante 2 a 3 minutos de cada lado, ou até ficarem douradas. Deixe arrefecer antes de guardar na lancheira.']
60;Panquecas de banana e mirtilos;Portuguesa;109;3.5;19;1.7;2.6;['Descasque a banana, corte três fatias finas e reserve para a decoração. Esmague o restante numa taça. ', 'Adicione o iogurte, reservando uma colher de sopa para decorar, e o leite à banana esmagada e misture bem até obter um preparado homogéneo. ', 'Junte a farinha, o fermento e a canela. Mexa bem até incorporar todos os ingredientes. Envolva os mirtilos, reservando onze para decorar. ', 'Unte ligeiramente uma frigideira com azeite e aqueça em lume brando. Deite uma concha de massa de cada vez e cozinhe durante cerca de 2 minutos. Vire e deixe cozinhar mais 1 a 2 minutos, até dourar dos dois lados. Repita até ter seis panquecas. ', 'Sirva as panquecas em pratos individuais e decore como na imagem, fazendo os olhos com o iogurte reservado e com os mirtilos, e a boca com as fatias de banana partidas ao meio. Por fim, use um dos mirtilos para fazer o cabelo. ']
61;Tábua doce com dip de chocolate e marshmallows;Portuguesa;;;;;;['Pré-aqueça o forno a 180 ºC.', 'Parta o chocolate em quadrados e espalhe-os no fundo de uma panela que possa ir ao forno.', 'Verta as natas por cima do chocolate e adicione uma pitada de sal.', 'Corte os marshmallows ao meio e distribua-os por cima da mistura de chocolate e natas, até cobrir toda a superfície.', 'Leve o dip ao forno durante 10 a 15 minutos, ou até os marshmallows estarem dourados e o chocolate derretido.', 'Enquanto o dip está no forno, prepare a tábua doce: arranje os gomos de tangerina, as rodelas de banana, as groselhas e a variedade de bolachas e aperitivos de forma harmoniosa.', 'Retire o dip do forno com cuidado e coloque-o no centro da tábua, já com os aperitivos dispostos.', 'Sirva de imediato para aproveitar o dip de chocolate quente e mergulhar as frutas e bolachas com os marshmallows ainda derretidos.']
62;Tábua de páscoa;Portuguesa;;;;;;['Comece por fazer o hummus de beterraba: corte o vegetal aos cubos e triture-o ligeiramente num processador de comida. Em seguida, junte o grão, alho, cominhos, tahini, sumo de limão, sal, pimenta e azeite. Triture a mistura até obter uma pasta homogénea. Reserve.', 'Para o focinho do coelho da páscoa, corte uma tampa ao pão da avó. Escave o miolo do pão, recheie com o hummus e volte a colocar a tampa por cima, de modo a criar a cabeça e o corpo do coelho. Para os pés do coelho, corte as pontas dos pães brasileiros. Utilize o excedente para as orelhas. ', 'Lave os legumes. Corte os talos de aipo e a cenoura em palitos. Coza os espargos e descarte o final dos talos. Corte os mini pimentos em quartos. Faça mini espetadas com os tomates cherry e corte o pepino em rodelas.\r\n\r\n', 'Para os olhos e o nariz do coelho, utilize as rodelas de azeitona. Com 6 palitos de aipo, faça o bigode. Decore a tábua de páscoa com os legumes e o hummus com as sementes de sésamo. ']
63;Ovos mexidos com pepino;Portuguesa;236;9.8;24;10.9;1.7;['Numa taça, bata os ovos e tempere com o sal. ', 'Aqueça uma frigideira antiaderente, unte com o azeite e cozinhe os ovos mexidos em lume brando, mexendo até ficarem com a textura desejada. ', 'Torre as fatias de pão. Corte o queijo para fazer a boca e os olhos, e o pepino em meias rodelas. ', 'Divida os ovos mexidos por dois pratos e em seguida decore como na imagem, com o queijo, o pão e o pepino. Por fim, corte as azeitonas ao meio para fazer os olhos. ']
64;Bolachas de cenoura;Portuguesa;;;;;;['Numa taça, misture o iogurte grego, a cenoura ralada e os queijos ralados.', 'Adicione a farinha com fermento aos poucos, envolvendo até formar uma massa que se consiga moldar.', 'Polvilhe uma superfície lisa com um pouco de farinha.', 'Com a ajuda de um rolo, estenda a massa até ficar com uma espessura fina.', 'Utilize cortadores de bolachas com as suas formas preferidas para cortar a massa.', 'Disponha as bolachinhas num tabuleiro de forno forrado com papel vegetal.', 'Leve ao forno pré-aquecido a 180 ºC por aproximadamente 15 minutos ou até ficarem douradas.']
66;Feijoada de lulas com legumes;Internacional;456;29;59;8.5;13;['Abra o melão ao meio, retire as sementes, corte em fatias e elimine a casca. Corte a polpa em cubos, reserve cerca de um terço e deite o restante no copo do liquidificador.', 'Salpique os cubos de melão reservados com um pouco de raspa de limão e hortelã picada.\r\n\r\n', 'Descasque a curgete, corte-a em pedaços e junte ao melão no liquidificador. Adicione meia colher de sopa de azeite, o sumo de limão e 3 a 4 folhas de hortelã. Triture muito bem até obter uma mistura homogénea. Reserve no frigorífico.', 'Lave o pepino e o tomate e corte-os em cubos pequenos. Descasque a cebola, pique-a finamente e misture com o pepino e o tomate. Tempere com o restante azeite e pimenta a gosto. Reserve.', 'Retire as cabeças e as cascas aos camarões. Espete-os em pequenos espetos, intercalando com os cubos de melão reservados e as fatias de presunto cortadas ao meio e enroladas.', 'Distribua a mistura de legumes por taças e verta por cima o preparado de melão e curgete. Disponha por cima de cada taça os espetos de camarão e presunto, e sirva com os croutons à parte, numa taça.']
67;Peras assadas com figos;Internacional;222;5.9;22;12;2.1;['Leve ao lume um tacho com a cebola picada, o azeite e a folha de louro. Deixe cozinhar até a cebola começar a alourar. ', 'Enquanto isso, retire os tentáculos das lulas dos respetivos sacos. ', 'Adicione o preparado para sopa e as lulas bem escorridas ao tacho. Tape e deixe cozinhar, em lume médio, durante cerca de 10 minutos, mexendo ocasionalmente. ', 'Junte o feijão previamente escorrido, tempere com os cominhos e meia colher de chá de sal. Volte a tapar o tacho e deixe cozinhar por mais 15 minutos. ', 'Em simultâneo, coza o arroz numa panela com a água a ferver, temperada com o restante sal. ', 'Sirva a feijoada de lulas acompanhada com o arroz. ']
68;Salada de feijão-verde e grão;Internacional;322;19;20;16;11;['Pré-aqueça o forno a 180 ºC na função ventilada.', 'Retire a parte rija dos pés dos fi gos e coloque-os numa taça. Junte o vinho do Porto, a canela e o cravinho, e aqueça no micro-ondas por 30 segundos na potência máxima.', 'Lave as peras, corte-as ao meio e remova os caroços com uma colher.', 'Unte levemente um tabuleiro de forno com metade do azeite e disponha as metades das peras, com a parte cortada virada para cima. Corte os fi gos ao meio e ponha-os nas cavidades das peras. Regue com a calda na qual marinaram e polvilhe com o açúcar.', 'Leve ao forno por cerca de 20 minutos ou até as peras estarem macias.', 'Enquanto isso, aqueça o restante azeite numa frigideira antiaderente, adicione a amêndoa e o mel, e cozinhe em lume médio, mexendo sempre, até a amêndoa dourar.', 'Para servir, divida o requeijão pelos pratos, polvilhe com pimenta a gosto e disponha por cima as peras assadas, regadas com o molho do tabuleiro.', 'Polvilhe com a amêndoa caramelizada e sirva morno ou frio.']
69;Tamboril estufado;Internacional;263;23;27;6.3;3.7;['Ponha um tacho com água temperada com o sal ao lume. ', 'Lave o feijão verde, apare-lhe as extremidades e corte-o em pedaços com cerca de 3 a 4 cm. ', 'Coloque os ovos noutro tacho, cubra-os com água e deixe ferver sobre lume moderado durante 10 minutos.', 'Introduza o feijão verde no tacho com a água a ferver e deixe cozer durante cerca de 20 minutos. ', 'Lave o tomate, retire-lhe o pedúnculo e reserve. ', 'Descasque os dentes de alho, pique-os finamente e leve a alourar, em lume moderado, numa frigideira com o azeite. ', 'Junte o tomate, o grão e o feijão verde bem escorrido. Tempere com pimenta a gosto e envolva bem. Salteie durante 2 a 3 minutos, mexendo ocasionalmente. ', 'Entretanto, escorra os ovos, descasque-os e corte-os em quartos. ', 'Salpique os legumes com salsa fresca picada e disponha os ovos por cima. ']
70;Salada de bacalhau com ervilhas;Internacional;376;22;46;8.9;11;['Lave bem as batatas e leve-as a cozer num tacho com água temperada com metade do sal. ', 'Tempere os cubos de tamboril descongelados com meia colher de chá de sal, pimenta a gosto e um dente de alho picado. Regue com o vinagre e reserve. ', 'Descasque a cebola e o dente de alho restante, corte-os em rodelas finas e leve ao lume num tacho com o azeite e a folha de louro. ', 'Enquanto isso, lave o pimento e o tomate. Elimine as sementes do pimento e corte-o em tiras. Corte o tomate em cubos pequenos. ', 'Junte o pimento e o tomate à cebola, tempere com o restante sal e cozinhe, tapado, durante cerca de 20 minutos. ', 'Escorra o tamboril da marinada e introduza-o no tacho, tape e deixe cozinhar por mais 5 minutos. ', 'Polvilhe com salsa picada a gosto e sirva acompanhado das batatas cozidas. ']
71;Perna de borrego no forno;Internacional;412;44;20;17;2.5;['Corte o bacalhau em cubos pequenos e tempere-o, numa taça, com o sumo do limão e pimenta a gosto. Reserve.', 'Descasque a cebola e pique-a finamente.', 'Lave os pimentos, elimine-lhes as sementes, corte-os em cubos pequenos. ', 'Pele a cenoura e corte-a também em cubos bem pequenos.', 'Deite as ervilhas para um coador, passe-as por água corrente e escorra bem.', 'Misture os legumes preparados com o bacalhau, acrescente o milho escorrido e coentros acabados de picar. Regue com o azeite e envolva bem. ', 'Sirva com a broa cortada em fatias.']
72;Arroz de frango com couve roxa e abóbora;Internacional;372;29;49;7;;['Pré-aqueça o forno a 190 ºC.', 'Tempere a perna de borrego com metade do sal, pimenta, alho em pó e mostarda. Esfregue bem para que os temperos se distribuam uniformemente.', 'Coloque a carne num tabuleiro e regue com o vinho branco e metade do azeite. Leve ao forno durante 20 minutos.', 'A meio da cozedura, adicione ao tabuleiro a batata, as cabeças de alho cortadas ao meio, o pimento vermelho em tiras, a cebola cortada em meias-luas e o limão em rodelas. Junte as azeitonas e tempere com o restante sal e azeite.', 'Deixe assar no forno por mais 20 a 25 minutos, até a carne e os vegetais estarem dourados e cozidos.']
73;Amêijoas com espargos;Internacional;;;;;;['Num tacho, aqueça bem o azeite e aloure as tiras de frango. ', 'Tempere com metade do sal, com pimenta a gosto, alho moído e tomilho. ', 'Junte a cebola, a couve, a abóbora cortada em cubos pequenos e as sultanas. ', 'Envolva e cozinhe tapado cerca de 10 minutos.', 'Adicione o arroz e regue com a água a ferver. Tempere com o restante sal. ', 'Volte a tapar o tacho e deixe cozinhar em lume brando durante aproximadamente 15 minutos, ou até o arroz estar cozido. ', 'No final, salpique com salsa picada e solte o arroz delicadamente com um garfo. ']
74;Couve-flor grelhada com queijo;Internacional;396;12;6.6;35;4.1;['Aqueça o azeite num tacho.', 'Junte o alho picado e deixe refogar cerca de 1 minuto.', 'Adicione os espargos cortados em pedaços pequenos e deixe cozinhar por 5 minutos.', 'Em seguida, junte os legumes em tomate, envolva e deixe fervilhar por 2 minutos.', 'Adicione a amêijoa e envolva.', 'Tape o tacho e deixe cozinhar até as amêijoas abrirem.', 'Tempere com sal e pimenta a gosto.', 'Polvilhe com folhas de manjericão e sirva de imediato.']
75;Dip de alho;Internacional;130;0.6;3.1;13;0.3;['Corte a couve-flor em fatias grossas, aproveitando pelo menos duas fatias centrais inteiras. ', 'Tempere com sal e pimenta, e pincele com uma colher de sopa de azeite. ', 'Aqueça bem o grelhador e cozinhe a couve-flor durante cerca de 15 minutos, ou até estar macia e dourada a gosto. ', 'Entretanto, numa taça, misture o pesto com os 100 ml de azeite e o manjericão picado. ', 'Sirva a couve-flor grelhada regada com o molho e polvilhada com o queijo parmesão ralado. ']
76;Dip de feta picante;Internacional;99;4.7;4.1;6.9;0.9;['Coza as batatas com a pele em água e deixe ferver até estarem macias. Escorra-as, retire-lhes a pele e esmague-as.', 'Esmague também os dentes de alho até obter uma pasta e junte à batata.', 'Adicione o alecrim picado, os orégãos, o vinagre, o azeite e o iogurte.', 'Tempere com sal e pimenta a gosto e misture bem até obter uma textura cremosa.']
77;Entrecôte com molho de abacate;Internacional;639;45;2.4;50;0.7;['Num processador de alimentos, junte o queijo feta, o iogurte, os pimentos assados, o alho, o azeite, o sumo de limão, os orégãos, pó de malagueta a gosto e o sal.', 'Triture bem até obter uma mistura cremosa.', 'Ponha numa taça e polvilhe com salsa picada.']
78;Mojito de kiwi e limão;Internacional;233;1.6;44;0.8;2.5;['Comece por preparar o molho. Coloque dentro de um processador de alimentos os coentros, a salsa, o alho, os cominhos, a malagueta, metade do sal e um pouco de pimenta. Triture ligeiramente. ', 'Adicione o vinagre e volte a misturar. Junte os 50 ml de azeite e triture novamente. O molho deve ficar emulsionado, com as ervas grosseiramente picadas. ', 'Transfira o molho para uma taça. Corte o abacate em cubos e envolva delicadamente no preparado. Leve ao frio até ao momento de servir. ', 'Aqueça um grelhador e pincele com o restante azeite e quando estiver quente, cozinhe o entrecôte durante cerca de 3 minutos de cada lado. ', 'Corte a carne em fatias e sirva com o molho. ']
79;Mexilhões à espanhola;Internacional;108;7.2;8.6;4.5;2.1;['Descasque os kiwis e corte-os em cubos. Divida pelos dois copos altos. ', 'Adicione o açúcar e a hortelã. Com um pilão, esmague bem e acrescente gelo. ', 'Junte o rum, o refrigerante e finalize com rodelas de lima e folhas de hortelã. ']
80;Sangria de rosé;Internacional;256;1.3;25;0.5;1.8;['Corte as cebolas em fatias finas e pique os dentes de alho. Leve ao lume um tacho com o azeite e refogue durante cerca de 3 minutos. ', 'Corte os mini pimentos em tiras, retirando previamente as sementes. Adicione ao tacho e deixe cozinhar por mais 5 minutos, mexendo de vez em quando. ', 'Junte o tomate, envolva bem e cozinhe por 2 minutos. Refresque com o vinho branco e deixe ferver ligeiramente para evaporar o álcool. ', 'Acrescente os mexilhões, previamente bem lavados e escovados, envolva delicadamente e tempere com o sal, a pimenta e os coentros picados. ', 'Tape o tacho e cozinhe em lume médio até os mexilhões abrirem. Sirva de imediato. ']
81;Gaspacho com iogurte;Internacional;182;4.7;7.6;15;1.3;['Corte o pêssego em fatias, a melancia e a manga em cubos e as limas em rodelas. ', 'Ponha toda a fruta num jarro grande. ', 'Adicione o vinho, o licor Cointreau e o refrigerante. Junte as folhas de manjericão e os paus de canela. ', 'Junte o gelo e mexa bem antes de servir. ']
82;Kombucha com hibiscus;Internacional;;;;;;['Coloque num liquidificador as sobras da salada, juntamente com o iogurte, o sal e a pimenta. Triture até obter um creme homogéneo. ', 'Divida por taças e decore com o mini pepino e o mini pimento picados, o queijo esfarelado, folhas de manjericão e regue com o azeite. ', 'Finalize o gaspacho com uma pitada de pimenta. ']
83;Bolo de aveia com maçã;Internacional;;;;;;['Prepare o chá de hibisco em 300 ml de água a ferver, adicione o mel, misture e deixe repousar durante 5 minutos. Junte em seguida a kombucha, o sumo de lima e hortelã picada a gosto. ', 'Passe a lima no rebordo dos copos e mergulhe no sal fino para formar uma crosta. ', 'Distribua gelo picado pelos copos e verta a bebida. Sirva a kombucha com hibiscus com rodelas de lima. ']
84;Camarão tigre grelhado na frigideira;Internacional;;;;;;['Triture as maçãs partidas em pedaços com a bebida de soja. Reserve.', 'Numa tigela média, misture todos os ingredientes secos (à exceção das uvas passas e amêndoas laminadas).', 'Envolva então a mistura de maçã e os restantes ingredientes húmidos, bem como as uvas passas ligeiramente picadas.', 'Passe a massa para uma forma de bolo inglês forrada com papel vegetal e coloque as amêndoas laminadas por cima.', 'Leve ao forno a 180 ºC por 50 minutos e sirva ainda morno com um bocadinho de xarope de agave (opcional).']
85;Arroz de coentros;Internacional;;;;;;['Limpe os camarões, retirando a casca e a tripa. Se desejar, pode manter as cabeças e a cauda. Tempere apenas com sal. \r\n', 'Numa frigideira, aqueça 100 ml de azeite e junte 3 dentes de alho esmagados.\r\n', 'Adicione os camarões e cozinhe 2 minutos de cada lado, até ficarem dourados e suculentos. Junte a manteiga. \r\n', 'Para o molho, pique a malagueta, a salsa e o alho finamente. Misture com o azeite. \r\n', 'Regue os camarões com o molho e sirva.']
86;Camarão salteado com molho chimichurri;Internacional;482;26;41;23;2.9;"['Comece por preparar os coentros: separe as folhas dos talos. Pique os talos finamente e as folhas grosseiramente. ', 'Num tacho, aqueça o azeite em lume médio. Adicione a cebola e os dentes de alho picados finamente, a folha de louro e os talos dos coentros picados. Refogue suavemente até a cebola ficar translúcida e macia, sem queimar. Se gostar, pode adicionar um dente de alho esmagado com casca ao refogado e retirá-lo no fim.', 'Junte o arroz ao refogado. Se usar o arroz agulha e quiser um arroz ""soltinho"" e seco, use a proporção de 2 medidas de água para 1 de arroz. Se usar o arroz carolino, e preferir um arroz mais cremoso e tradicional português (""malandrinho""), pode aumentar a água para 2,5 ou 3 medidas. ', 'Envolva bem e deixe fritar por cerca de 1 minuto, mexendo sempre, até os grãos ficarem brilhantes e translúcidos nas pontas.', 'Verta a água quente sobre o arroz e tempere com sal a gosto.', 'Quando levantar fervura, mexa uma última vez para soltar o arroz, reduza o lume para o mínimo e tape o tacho.', 'Deixe cozinhar por cerca de 12 a 15 minutos, ou até a água ter sido absorvida e o arroz estar cozido (se usar Carolino, pode precisar de menos tempo e ficar mais húmido).', 'Desligue o lume. Adicione imediatamente as folhas de coentros picadas que reservou.', 'Envolva delicadamente com um garfo para soltar os grãos e distribuir os coentros, sem usar colher para não esmagar o arroz.', 'Tape o tacho novamente e deixe repousar por 5 a 10 minutos antes de servir, para que o aroma dos coentros penetre no arroz.']"
87;Moscow mule;Internacional;;;;;;['Comece por preparar o molho. Pique os coentros, a salsa, o alho e a malagueta. Coloque tudo dentro de uma taça.', 'Adicione a raspa e o sumo de limão, o vinagre, os orégãos, uma colher de café de sal e a pimenta.', 'Junte o azeite, mexendo continuamente até obter um molho homogéneo. Reserve.', 'Para os camarões, aqueça o azeite e a manteiga numa frigideira. Acrescente o alho esmagado e os camarões.', 'Deixe cozinhar durante cerca de 3 minutos, mexendo para que fiquem uniformemente rosados e dourados. Tempere com o restante sal e pimenta.', 'Sirva os camarões com o molho preparado e o pão torrado.']
88;Bolo podre;Internacional;;;;;;['Encha o copo balão com gelo, adicione a vodka e o sumo de lima espremido na hora.\r\n\r\n', 'Junte a ginger beer. \r\n', 'Finalize com uma rodela de lima e hortelã fresca. ']
89;Espinafres salteados;Internacional;;;;;;['Bata as claras em castelo com um pouco de açúcar até que fiquem bem firmes. Reserve.', 'Bata as gemas com o restante açúcar até que fique uma mistura fofa e esbranquiçada.', 'Verta o azeite em fio sem nunca parar de mexer. Junte o mel, mexa e reserve.', 'Peneire a farinha, o fermento e a canela em pó. Mexa até ficar homogéneo e envolva com as claras batidas em castelo.', 'Verta para uma forma com papel vegetal e leve ao forno 50 minutos a 170 ºC.']
90;Wraps de porco com abacaxi;Internacional;320;24;27;13;1.8;['Pique os dentes de alho.', 'Aqueça o azeite numa frigideira e adicione o alho picado, deixando refogar ligeiramente.', 'Junte os espinafres e deixe murchar durante 2 a 3 minutos.', 'Tempere com sal e pimenta e sirva de imediato.']
91;Pão pita;Internacional;194;3.7;35;4.2;1.4;['Aqueça as tortilhas numa frigideira.', 'Ponha por cima de cada uma um pouco de alface picada, de abacaxi, de cebola picada e as carnes cortadas em cubos.', 'Finalize com o molho de cocktail, coentros picados e uma meia rodela de lima.', 'Feche os wraps e sirva de imediato.']
92;Salada de falafel com molho de tahini;Internacional;333;11;19;22;10;['Numa taça, misture os 350 g de farinha, o fermento, o açúcar e o sal.', 'Adicione a água tépida e duas colheres de sopa de azeite. Amasse com as mãos enfarinhadas ou com uma batedeira elétrica até obter uma massa consistente, mas ligeiramente pegajosa.', 'Tape a taça com um pano e deixe levedar durante 1 hora, num local morno.', 'Polvilhe a bancada com a restante farinha, divida a massa em oito porções e estenda cada uma com a ajuda de um rolo de cozinha até obter discos com cerca de 15 cm de diâmetro.', 'Aqueça uma frigideira antiaderente, unte-a com o restante azeite e cozinhe os discos de massa até surgirem bolhas à superfície. Vire e deixe cozinhar mais 1 minuto.', 'Repita com a restante massa. Sirva os pães ainda mornos, acompanhados com os seus dips preferidos.']
93;Chutney de manga com tomate;Internacional;58;0.8;7.4;2.5;1.6;['Demolhe o grão em água fria durante 12 a 24 horas.', 'Pré-aqueça o forno a 180 °C.', 'Escorra o grão e transfira-o para um processador de alimentos.', 'Adicione uma chávena de salsa picada, a beterraba, metade da cebola picada, os dentes de alho, uma colher de sopa de azeite, uma colher de sopa de sumo de limão, os cominhos, meia colher de chá de sal e pimenta preta a gosto. Processe até obter uma massa homogénea.', 'Divida a massa em 12 porções, molde bolinhas e achate-as ligeiramente com as pontas dos dedos.', 'Disponha as bolinhas de falafel num tabuleiro forrado com papel vegetal e leve ao forno por cerca de 20 minutos, virando a meio do tempo para cozinharem de forma uniforme.', 'Numa taça grande, misture o tahini com duas colheres de sopa de sumo de limão, uma colher de sopa de azeite e o restante sal. Transfira ¼ deste molho para um recipiente pequeno e reserve.', 'Adicione à taça grande a alface cortada em juliana e a restante salsa picada. Envolva.', 'Disponha por cima o pepino e os rabanetes cortados em rodelas, o tomate em quartos, a restante cebola também em rodelas e o falafel. Regue com o molho reservado.']
94;Chutney de banana com pimento vermelho;Internacional;121;0.9;22;2.7;2;['Descasque as cebolas e corte-as em meias-luas finas. Corte a malagueta em rodelas, retirando as sementes se preferir um chutney menos picante. ', 'Numa frigideira, leve a cebola e a malagueta ao lume com o azeite e o dente de alho espremido. Adicione as especiarias, envolva bem e cozinhe em lume médio durante cerca de 10 minutos. ', 'Enquanto isso, corte a manga e o tomate em cubos. Junte-os à frigideira e deixe cozinhar mais 5 minutos. ', 'Polvilhe com o sal e o açúcar e regue com o vinagre. Mexa bem e aumente o lume até levantar fervura sobre lume forte. ', 'Reduza novamente para lume médio e deixe ferver durante mais 30 minutos, mexendo de vez em quando. ', 'Retire do lume, deixe arrefecer e guarde em frascos esterilizados. ']
95;Chutney de abóbora e maçã;Internacional;97;0.6;18;2.3;1.4;['Descasque e pique finamente a cebola. Leve ao lume, numa frigideira antiaderente, com o azeite. ', 'Descasque as bananas e corte-as em rodelas. Pique o pimento em cubos pequenos e corte a malagueta em rodelas finas. Junte tudo à cebola e regue com o sumo do limão e o vinagre. Tempere com o sal e deixe ferver, em lume brando, cerca de 15 minutos, mexendo ocasionalmente. ', 'Pele o gengibre e pique-o finamente. Abra as vagens de cardamomo e retire as sementes. ', 'Junte à frigideira o gengibre, as sementes de cardamomo, o caril e as sementes de funcho. Polvilhe com o açúcar, envolva bem e deixe ferver, em lume moderado, por mais 20 minutos, mexendo ocasionalmente. ', 'Transfira o preparado para frascos previamente escaldados. ']
96;Bolo de laranja com massa filo;Internacional;779;7.2;104;37;2;['Leve a cebola ao lume com azeite numa frigideira larga antiaderente. ', 'Corte a malagueta em rodelas finas e retire as sementes das vagens de cardamomo. ', 'Junte à cebola a malagueta, as sementes de cardamomo, de cominhos e de coentros. Adicione o pau de canela, misture e cozinhe até a cebola estar macia. ', 'Entretanto, descasque as maçãs, retire os caroços e corte-as em cubos pequenos, tal como a abóbora. Adicione-as, juntamente com as sultanas, à frigideira. ', 'Tempere com sal e cozinhe 15 minutos, mexendo ocasionalmente. Junte o açúcar, misture e deixe ferver 5 minutos. Adicione o vinagre e cozinhe mais 25 minutos, mexendo de vez em quando e esmagando ligeiramente a maçã e a abóbora. ', 'Deixe arrefecer e guarde em frascos previamente esterilizados e que vedem bem. ']
97;Bolachas de pistáchio;Internacional;;;;;;['Pré-aqueça o forno a 70 ºC.', 'Forre um tabuleiro com papel vegetal. Parta a massa em pedaços grandes e espalhe-os uniformemente no tabuleiro. Leve ao forno durante cerca de 30 minutos.', 'Quando a massa estiver bem seca, retire o tabuleiro do forno e parta a massa em pedaços mais pequenos. Reserve.', 'Para a calda, junte o açúcar, o pau de canela e a água num tacho e leve ao lume até ferver. Quando estiver a borbulhar, retire do lume e mexa de forma a garantir que o açúcar se dissolve completamente. Adicione o sumo de laranja e deixe arrefecer.', 'Enquanto isso, prepare o bolo. Coloque duas laranjas num tacho pequeno, cubra com água e leve a ferver em lume brando durante 1 hora. Escorra, deixe arrefecer as laranjas e corte-as ao meio. Retire os caroços e triture-as no liquidificador até obter um puré.', 'Adicione o azeite, a raspa de laranja e o açúcar. Misture até obter uma pasta suave. Junte o iogurte, os ovos, o fermento, o bicarbonato e a essência de baunilha. Envolva bem.', 'Deite a mistura para dentro de uma taça e junte a massa fi lo em pedaços. Envolva delicadamente, sem mexer demasiado, para manter alguma textura.', 'Pré-aqueça o forno a 160 ºC. Unte um tabuleiro de 23x33 cm com a manteiga e verta para dentro dele a mistura anterior. Decore com a restante laranja cortada em rodelas finas.', 'Leve ao forno durante 40 a 45 minutos, até estar dourado.', 'Retire o bolo do forno e regue com a calda já fria. Deixe repousar durante 30 minutos.']
98;Gelado de banana e manteiga de amendoim;Internacional;227;9.2;21;11;4.3;['Espalhe o creme de pistáchio por cima do papel vegetal. Leve ao congelador durante pelo menos 1 hora (ou de um dia para o outro) até ficar sólido. Corte em quadrados com uma faca e mantenha no congelador até precisar.', 'Numa taça grande, junte a manteiga derretida e arrefecida, o ovo, o extrato de baunilha, o açúcar mascavado e o açúcar branco. Bata com uma vara de arames até ficar homogéneo. ', 'Adicione a farinha, o bicarbonato de sódio, o fermento, o amido de milho e o sal e misture até ficar tudo bem envolvido. ', 'Adicione o chocolate picado e os pistáchios. Troque para uma espátula e envolva até a massa ficar homogénea.', 'Use uma colher de gelado para formar bolas de massa. Coloque-as no tabuleiro.', 'Pré-aqueça o forno a 175 °C.', 'Com os dedos, achate uma bola de massa até formar um disco. Coloque no centro um pedaço de creme de pistáchio congelado (cerca de 3–4 quadrados, dependendo da espessura) e feche a massa à volta, selando bem.', 'Coloque as bolas recheadas no tabuleiro, deixando cerca de 5 cm entre cada uma. Pressione por cima alguns pedaços extra de chocolate, pistáchios e pequenos pedaços de creme de pistáchio congelado.', 'Leve ao forno durante 11–12 minutos, ou até as bordas estarem firmes, mas o centro ainda macio. Assim que saírem do forno, polvilhe imediatamente com flor de sal. Deixa arrefecer no tabuleiro durante 5 minutos e sirva morno para um centro cremoso.']
99;Semifrio de chocolate e café;Internacional;370;7.2;26;26;1.5;['Coloque a banana congelada e o iogurte num processador de alimentos e triture até obter uma mistura cremosa.', 'Junte a manteiga de amendoim, as sementes de linhaça, o sumo de limão, o sal e, se desejar, a vagem de baunilha. Triture novamente até a mistura ficar homogénea.', 'Leve ao congelador e retire 10 a 20 minutos antes de servir, para obter uma textura mais macia.', 'Sirva com o miolo de amendoim torrado por cima e polvilhe com canela.']
100;Sopa de tomate assado com pistáchio;Internacional;224;6.5;24;11;3.9;['Forre uma forma de bolo inglês (aprox. 22 x 11 cm) com película aderente. Leve ao congelador até estar pronta a usar.', 'Junte num tacho o café expresso, as gemas e o leite condensado. Leve ao lume e deixe ferver, mexendo sempre.', 'Deixe arrefecer ligeiramente, adicione as natas batidas e verta para dentro da forma previamente arrefecida. Leve ao congelador.', 'Para a camada de chocolate, coloque o chocolate partido em pedaços numa taça grande e reserve.', 'Aqueça 120 ml de natas até começarem a ferver suavemente. À parte, numa tigela, bata as gemas com o açúcar.', 'Verta lentamente as natas quentes sobre a mistura de gemas, mexendo sempre. Leve novamente ao lume, em fogo médio-baixo, mexendo continuamente até engrossar e cobrir as costas de uma espátula.', 'Ponha um passador de rede sobre a taça com o chocolate e verta o creme, coando-o. Mexa até o chocolate derreter completamente.', 'Envolva cuidadosamente as restantes natas batidas na mistura de chocolate. Verta esta camada sobre a camada de café já congelada. Leve ao congelador por mais 2 horas.', 'Desenforme o semifrio sobre um prato e retire a película aderente. Decore com frutos vermelhos, raspas de chocolate e folhas frescas de manjericão.']
;;;;;;;;['Pré-aqueça o forno a 190 ºC.', 'Ponha o tomate cortado em pedaços, a cabeça de alho inteira e as chalotas descascadas num tabuleiro. Tempere com sal, pimenta, tomilho e três colheres de sopa de azeite. Leve ao forno por 20 minutos.', 'Retire do forno, transfira para um liquidificador, junte o manjericão e um pouco mais de pimenta. Triture até obter um creme aveludado.', 'Torre o pão, pincele com o restante azeite e polvilhe com o queijo parmesão ralado. Corte em tiras.', 'Sirva a sopa quente ou fria, acompanhada com o pão torrado e o miolo de pistachio picado.']
